﻿<?xml version="1.0" encoding="UTF-8"?><SLA Version="1.0"><TxList><Tx>Sua_sanPham_CafeTrung_nguyen_Transaction</Tx><Tx>duy_tan_trans</Tx><Tx>vuser_end_Transaction</Tx><Tx>dang_xuat</Tx><Tx>Them_moi_hang_hoa_Transaction</Tx><Tx>vuser_init_Transaction</Tx><Tx>Action_Transaction</Tx><Tx>Xoa_sanPham_Quanau_trans</Tx><Tx>Cua_hang_trans</Tx><Tx>Them_moi_hang_hoa_trans</Tx><Tx>Chon_duy_tan_CH_Transaction</Tx><Tx>Cua_hang_Transaction</Tx><Tx>Xoa_sanPham_Quanau_Transaction</Tx><Tx>dang_nhap_Transaction</Tx><Tx>Sua_sanPham_CafeTrung_nguyen</Tx><Tx>dang_xuat_Transaction</Tx><Tx>dang_nhap_tran</Tx></TxList><SLARules><TrackingPeriodType>Default</TrackingPeriodType><TrackingPeriodValue></TrackingPeriodValue><TrackingPeriodTimeScale></TrackingPeriodTimeScale></SLARules></SLA>