﻿<?xml version="1.0"?>
  <!DOCTYPE Report
[
<!ELEMENT Report (General ,(Doc|BPT)) >
<!ATTLIST Report ver CDATA #REQUIRED tmZone CDATA #REQUIRED>

<!ELEMENT General ( DocLocation ) >
<!ATTLIST General productName CDATA #REQUIRED productVer CDATA #REQUIRED os CDATA #REQUIRED host CDATA #REQUIRED>

<!ELEMENT BPT (DName,Res,DVer?,TSet?,TInst?,NodeArgs,Doc*) >
<!ATTLIST BPT rID ID #REQUIRED >

<!ELEMENT Doc (DName, Res, DVer?, TSet?, TInst?, RunType?, DT?, Step*, Action+, DIter*, Action*, Summary?, NodeArgs?)> 
<!ATTLIST Doc rID ID #REQUIRED type (Test|BC) "Test" productName CDATA #REQUIRED BCIter CDATA #IMPLIED >

<!ELEMENT RunType ( #PCDATA )>
<!ATTLIST RunType fmStep (False|True) "False" batch (False|True) "False" upDesc (False|True) "False" upChk (False|True) "False" upAS (False|True) "False">

<!ELEMENT DName ( #PCDATA ) >

<!ELEMENT Res ( #PCDATA ) >

<!ELEMENT DVer ( #PCDATA ) >

<!ELEMENT TSet ( #PCDATA ) >

<!ELEMENT TInst ( #PCDATA ) >

<!ELEMENT DIter (Step?,Action+,Summary?,NodeArgs)>
<!ATTLIST DIter rID ID #REQUIRED iterID CDATA #REQUIRED>

<!ELEMENT DocLocation ( #PCDATA )>

<!ELEMENT Action (AName,AIter*,(Step|HtmlStep|Action)*,Summary,NodeArgs) >
<!ATTLIST Action rID ID #REQUIRED>

<!ELEMENT AIter ((Step|HtmlStep|Action)*,Summary?,NodeArgs) >
<!ATTLIST AIter rID ID #REQUIRED iterID CDATA #REQUIRED>

<!ELEMENT AName ( #PCDATA ) >

<!ELEMENT Step (Obj,Details,Time,(Step|HtmlStep|Doc)*,NodeArgs) >
<!ATTLIST Step rID ID #REQUIRED retval CDATA #IMPLIED>

<!ELEMENT HtmlStep (HTML,(Step|HtmlStep|Doc)*,NodeArgs) >
<!ATTLIST HtmlStep rID ID #REQUIRED >

<!ELEMENT Obj ( #PCDATA ) >
<!ATTLIST Obj plainTxt (False|True) "True">

<!ELEMENT Details ( #PCDATA ) >
<!ATTLIST Details plainTxt (False|True) "True">

<!ELEMENT Time ( #PCDATA ) >

<!ELEMENT HTML ( #PCDATA ) >

<!ELEMENT Disp ( #PCDATA ) >

<!ELEMENT NodeArgs (Disp,TopPane?,BtmPane?)>
<!ATTLIST NodeArgs eType CDATA #REQUIRED icon CDATA #REQUIRED nRep CDATA #REQUIRED filter (False|True) "True">
<!ATTLIST NodeArgs status (Passed|Failed|Done|Warning|Information) "Done">
<!ATTLIST NodeArgs iconSel CDATA #IMPLIED nType CDATA #IMPLIED >

<!ELEMENT TopPane (Path)>

<!ELEMENT BtmPane ( (Path|WR)?,ASHilite?)>
<!ATTLIST BtmPane vType CDATA "HTML">

<!ELEMENT Path ( #PCDATA ) >

<!ELEMENT ASHilite ( #PCDATA ) >

<!ELEMENT WR ( #PCDATA ) >

<!ELEMENT DT (NodeArgs) >
<!ATTLIST DT rID ID #REQUIRED>

<!ELEMENT Summary (Param*)>
<!ATTLIST Summary sTime CDATA #IMPLIED eTime CDATA #IMPLIED passed CDATA #IMPLIED failed CDATA #IMPLIED warnings CDATA #IMPLIED retval CDATA #IMPLIED stopped (False|True) "False" >

<!ELEMENT Param (ParamName,ParamVal)+ >
<!ATTLIST Param paramInOut (In|Out) "In">

<!ELEMENT ParamName ( #PCDATA ) >

<!ELEMENT ParamVal ( #PCDATA ) >

]
> <Report ver="2.0" tmZone="SE Asia Standard Time">
<General productName="Vugen" productVer="11" os="" host="PHUC-PC"><DocLocation><![CDATA[E:\Scripts HP LoadRunner\07_08_2012\bo.ezmall.vn\Scripts\Them_Sua_Xoa_hangHoa_of_cua_hang_WEB_HTTP]]></DocLocation></General>
<Doc rID="T1"   productName= "Vugen"  >
<DName><![CDATA[Them_Sua_Xoa_hangHoa_of_cua_hang_WEB_HTTP]]></DName>
<Res><![CDATA[result1]]></Res>
<Action rID="T2">
<AName><![CDATA[vuser_init]]></AName>
<Step rID="T3">
<Obj plainTxt="False" ><![CDATA[Service: Set Max Html Param Len]]></Obj>
<Details plainTxt="False" ><![CDATA[<CENTER>Maximum length of a HTML string that can be retrieved and saved set to <STRONG><FONT COLOR=#00AF00>1024</FONT></STRONG> characters</CENTER>]]></Details>
<Time><![CDATA[7/8/2013 - 11:57:25]]></Time>
<NodeArgs eType="General" icon="3" nRep="6" >
<Disp><![CDATA[Service: Set Max Html Param Len]]></Disp>
</NodeArgs>
</Step>
<Step rID="T4">
<Obj plainTxt="False" ><![CDATA[Service: Reg Save Param]]></Obj>
<Details plainTxt="False" ><![CDATA[<CENTER>ParamName =<STRONG><FONT COLOR=#00AF00>JSESSIONID5</FONT></STRONG><BR>Left Boundary = <STRONG><FONT COLOR=#00AF00>LB/IC=jsessionid=</FONT></STRONG><BR>Right Boundary = <STRONG><FONT COLOR=#00AF00>RB/IC="</FONT></STRONG><BR>Instance = <STRONG><FONT COLOR=#00AF00>Ord=1</FONT></STRONG></CENTER>]]></Details>
<Time><![CDATA[7/8/2013 - 11:57:25]]></Time>
<NodeArgs eType="General" icon="4" nRep="7" >
<Disp><![CDATA[Service: Reg Save Param]]></Disp>
</NodeArgs>
</Step>
<Summary sTime="7/8/2013 - 11:57:25" eTime="7/8/2013 - 11:57:25" passed="0" failed="0" warnings="0" ></Summary>
<NodeArgs eType="StartAction" icon="2" nRep="5" >
<Disp><![CDATA[vuser_init Summary]]></Disp>
</NodeArgs>
</Action>
<Step rID="T5">
<Obj plainTxt="False" ><![CDATA[Script Aborted!]]></Obj>
<Details plainTxt="False" ><![CDATA[<CENTER><STRONG><FONT COLOR=#009A63>Pass</FONT></STRONG></CENTER>]]></Details>
<Time><![CDATA[7/8/2013 - 11:57:25]]></Time>
<NodeArgs eType="General" icon="1" nRep="9" >
<Disp><![CDATA[Script Aborted!]]></Disp>
</NodeArgs>
</Step>
<Action rID="T6">
<AName><![CDATA[vuser_end]]></AName>
<Summary sTime="7/8/2013 - 11:57:25" eTime="7/8/2013 - 11:57:25" passed="0" failed="0" warnings="0" ></Summary>
<NodeArgs eType="StartAction" icon="2" nRep="10" >
<Disp><![CDATA[vuser_end Summary]]></Disp>
</NodeArgs>
</Action>
<Summary sTime="7/8/2013 - 11:57:25" eTime="7/8/2013 - 11:57:25" passed="0" failed="0" warnings="0" ></Summary>
<NodeArgs eType="StartTest" icon="1" nRep="4" >
<Disp><![CDATA[Test Them_Sua_Xoa_hangHoa_of_cua_hang_WEB_HTTP Summary]]></Disp>
</NodeArgs>
</Doc>
</Report>