{"title":"","id":1,"dateAdded":1371436382287000,"lastModified":1371436384576000,"type":"text/x-moz-place-container","root":"placesRoot","children":[{"title":"Bookmarks Menu","id":2,"parent":1,"dateAdded":1371436382288000,"lastModified":1373338112263000,"type":"text/x-moz-place-container","root":"bookmarksMenuFolder","children":[{"title":"Recent Tags","id":28,"parent":2,"annos":[{"name":"Places/SmartBookmark","flags":0,"expires":4,"mimeType":null,"type":3,"value":"RecentTags"}],"type":"text/x-moz-place","uri":"place:sort=14&type=6&maxResults=10&queryType=1"},{"index":1,"title":"Recently Bookmarked","id":27,"parent":2,"annos":[{"name":"Places/SmartBookmark","flags":0,"expires":4,"mimeType":null,"type":3,"value":"RecentlyBookmarked"}],"type":"text/x-moz-place","uri":"place:folder=BOOKMARKS_MENU&folder=UNFILED_BOOKMARKS&folder=TOOLBAR&sort=12&excludeQueries=1&excludeItemIfParentHasAnnotation=livemark%2FfeedURI&maxResults=10&queryType=1"},{"index":2,"title":"","id":9,"parent":2,"dateAdded":1371436382435000,"lastModified":1371436382435000,"type":"text/x-moz-place-separator"},{"index":3,"title":"Get Bookmark Add-ons","id":10,"parent":2,"dateAdded":1371436382529000,"lastModified":1371436382531000,"type":"text/x-moz-place","uri":"https://en-us.add-ons.mozilla.com/en-US/firefox/bookmarks/"},{"index":4,"title":"","id":13,"parent":2,"dateAdded":1371436382533000,"lastModified":1371436382533000,"type":"text/x-moz-place-separator"},{"index":5,"title":"Mozilla Firefox","id":14,"parent":2,"dateAdded":1371436382533000,"lastModified":1371436382535000,"type":"text/x-moz-place-container","children":[{"title":"Help and Tutorials","id":15,"parent":14,"dateAdded":1371436382533000,"lastModified":1371436382534000,"type":"text/x-moz-place","uri":"http://en-us.www.mozilla.com/en-US/firefox/help/"},{"index":1,"title":"Customize Firefox","id":16,"parent":14,"dateAdded":1371436382534000,"lastModified":1371436382534000,"type":"text/x-moz-place","uri":"http://en-us.www.mozilla.com/en-US/firefox/customize/"},{"index":2,"title":"Get Involved","id":17,"parent":14,"dateAdded":1371436382535000,"lastModified":1371436382535000,"type":"text/x-moz-place","uri":"http://en-us.www.mozilla.com/en-US/firefox/community/"},{"index":3,"title":"About Us","id":18,"parent":14,"dateAdded":1371436382535000,"lastModified":1371436382536000,"type":"text/x-moz-place","uri":"http://en-us.www.mozilla.com/en-US/firefox/about/"}]}]},{"index":1,"title":"Bookmarks Toolbar","id":3,"parent":1,"dateAdded":1371436382288000,"lastModified":1373338112263000,"annos":[{"name":"bookmarkProperties/description","flags":0,"expires":4,"mimeType":null,"type":3,"value":"Add bookmarks to this folder to see them displayed on the Bookmarks Toolbar"}],"type":"text/x-moz-place-container","root":"toolbarFolder","children":[{"title":"Most Visited","id":26,"parent":3,"annos":[{"name":"Places/SmartBookmark","flags":0,"expires":4,"mimeType":null,"type":3,"value":"MostVisited"}],"type":"text/x-moz-place","uri":"place:sort=8&redirectsMode=2&maxResults=10"},{"index":1,"title":"Getting Started","id":11,"parent":3,"dateAdded":1371436382532000,"lastModified":1371436382532000,"type":"text/x-moz-place","uri":"http://en-us.www.mozilla.com/en-US/firefox/central/"},{"index":2,"title":"Latest Headlines","id":12,"parent":3,"dateAdded":1371436382532000,"lastModified":1373346821900000,"livemark":1,"annos":[{"name":"placesInternal/READ_ONLY","flags":0,"expires":4,"mimeType":null,"type":1,"value":1},{"name":"livemark/feedURI","flags":0,"expires":4,"mimeType":null,"type":3,"value":"http://en-us.fxfeeds.mozilla.com/en-US/firefox/headlines.xml"},{"name":"livemark/siteURI","flags":0,"expires":4,"mimeType":null,"type":3,"value":"http://www.bbc.co.uk/news/#sa-ns_mchannel=rss&ns_source=PublicRSS20-sa"},{"name":"livemark/expiration","flags":0,"expires":4,"mimeType":null,"type":2,"value":1373350421901}],"type":"text/x-moz-place-container","children":[]}]},{"index":2,"title":"Tags","id":4,"parent":1,"dateAdded":1371436382288000,"lastModified":1371436382288000,"type":"text/x-moz-place-container","root":"tagsFolder","children":[]},{"index":3,"title":"Unsorted Bookmarks","id":5,"parent":1,"dateAdded":1371436382288000,"lastModified":1371436382433000,"type":"text/x-moz-place-container","root":"unfiledBookmarksFolder","children":[]},]}